step,system_total_stopped,system_total_waiting_time,system_mean_waiting_time,system_mean_speed,cluster_2508688051_5148642229_5148642231_stopped,cluster_2508688051_5148642229_5148642231_accumulated_waiting_time,cluster_2508688051_5148642229_5148642231_average_speed,agents_total_stopped,agents_total_accumulated_waiting_time
0.0,0,0.0,0.0,0.0,0,0.0,1.0,0,0.0
5.0,0,0.0,0.0,7.606137664711721,0,0.0,1.0,0,0.0
10.0,0,0.0,0.0,9.77284532626809,0,0.0,1.0,0,0.0
15.0,0,0.0,0.0,9.963816958383633,0,0.0,1.0,0,0.0
20.0,0,0.0,0.0,10.360878485694505,0,0.0,1.0,0,0.0
25.0,0,0.0,0.0,10.360878485694505,0,0.0,1.0,0,0.0
30.0,0,0.0,0.0,9.746351554032392,0,0.0,1.0,0,0.0
35.0,0,0.0,0.0,10.18666966471172,0,0.0,0.9674571382466454,0,0.0
40.0,0,0.0,0.0,9.77284532626809,0,0.0,0.9281550578430383,0,0.0
45.0,0,0.0,0.0,10.360878485694505,0,0.0,1.0,0,0.0
50.0,0,0.0,0.0,10.360878485694505,0,0.0,1.0,0,0.0
55.0,0,0.0,0.0,0.0,0,0.0,1.0,0,0.0
60.0,0,0.0,0.0,0.0,0,0.0,1.0,0,0.0
65.0,0,0.0,0.0,1.7102742926334031,0,0.0,1.0,0,0.0
70.0,0,0.0,0.0,11.510478600359058,0,0.0,1.0,0,0.0
75.0,0,0.0,0.0,13.17553681401595,0,0.0,0.9872391946694326,0,0.0
80.0,0,0.0,0.0,10.575484542503393,0,0.0,0.9487928360517051,0,0.0
85.0,0,0.0,0.0,12.560188440150242,0,0.0,1.0,0,0.0
90.0,0,0.0,0.0,5.933071203844811,0,0.0,1.0,0,0.0
95.0,0,0.0,0.0,12.873166494640182,0,0.0,0.9925706260133677,0,0.0
100.0,0,0.0,0.0,11.699829172765199,0,0.0,1.0,0,0.0
105.0,0,0.0,0.0,12.70312332626809,0,0.0,1.0,0,0.0
110.0,0,0.0,0.0,0.0,0,0.0,1.0,0,0.0
115.0,0,0.0,0.0,0.0,0,0.0,1.0,0,0.0
120.0,0,0.0,0.0,0.0,0,0.0,1.0,0,0.0
125.0,0,0.0,0.0,0.0,0,0.0,1.0,0,0.0
130.0,0,0.0,0.0,5.942581931963841,0,0.0,1.0,0,0.0
135.0,0,0.0,0.0,9.259393278884714,0,0.0,1.0,0,0.0
140.0,0,0.0,0.0,9.336088469767024,0,0.0,0.9875335380266522,0,0.0
145.0,0,0.0,0.0,9.33400897030068,0,3.0,0.9636831343249753,0,3.0
150.0,0,0.0,0.0,9.296206310658107,0,3.0,0.9649434202338938,0,3.0
155.0,0,0.0,0.0,8.73089286375978,0,3.0,0.875987285594272,0,3.0
160.0,0,0.0,0.0,9.188555232609014,0,0.0,0.9648319052905594,0,0.0
165.0,0,0.0,0.0,8.981562878276593,0,0.0,0.9100623555522839,0,0.0
170.0,0,0.0,0.0,7.928510246656601,0,0.0,1.0,0,0.0
175.0,0,0.0,0.0,8.47234630698594,0,0.0,1.0,0,0.0
180.0,0,0.0,0.0,4.941849971389011,0,0.0,1.0,0,0.0
185.0,0,0.0,0.0,6.9029393262680925,0,0.0,1.0,0,0.0
190.0,1,1.0,0.16666666666666666,2.3019886043502376,0,0.0,1.0,0,0.0
195.0,1,1.0,0.14285714285714285,7.7583702387804,0,0.0,1.0,0,0.0
200.0,0,0.0,0.0,9.098705754911055,0,0.0,0.9858090639010864,0,0.0
205.0,0,0.0,0.0,9.111153975395828,0,3.0,0.9192216888655163,0,3.0
210.0,0,0.0,0.0,10.732717436718294,0,4.0,0.974745891893064,0,4.0
215.0,1,1.0,0.14285714285714285,8.156752485560203,1,1.0,0.006755618578884292,1,1.0
220.0,1,6.0,0.8571428571428571,9.041438543126754,1,6.0,0.4614992341855336,1,6.0
225.0,1,11.0,1.8333333333333333,8.264930558809123,1,11.0,0.0,1,11.0
230.0,1,16.0,2.6666666666666665,7.435774791228823,1,16.0,0.0,1,16.0
235.0,0,0.0,0.0,9.42821949457378,0,0.0,0.9827798664489993,0,0.0
240.0,0,0.0,0.0,8.364202223427853,0,0.0,0.43369630279665744,0,0.0
245.0,1,4.0,1.0,7.36423341685967,1,4.0,2.567236327042236e-05,1,4.0
250.0,1,9.0,2.25,6.495260487491788,1,9.0,0.0,1,9.0
255.0,1,14.0,1.5555555555555556,7.492328988069755,1,14.0,0.0,1,14.0
260.0,1,19.0,2.111111111111111,9.368449001393259,1,19.0,0.0,1,19.0
265.0,0,0.0,0.0,8.375198892398268,0,0.0,0.8960144804727036,0,0.0
270.0,0,0.0,0.0,10.190677642985014,0,3.0,0.9169190517986092,0,3.0
275.0,0,0.0,0.0,8.983522513983562,0,0.0,0.8057880460207227,0,0.0
280.0,1,3.0,0.375,8.299552000022501,1,3.0,0.3868032402587106,1,3.0
285.0,1,8.0,1.0,8.499323007375324,1,8.0,0.48131994657900923,1,8.0
290.0,1,13.0,1.625,8.153180253711499,1,13.0,0.0,1,13.0
295.0,0,0.0,0.0,8.53550980588488,0,0.0,1.0,0,0.0
300.0,0,0.0,0.0,10.057571717614918,0,0.0,1.0,0,0.0
305.0,0,0.0,0.0,10.172072749533982,0,0.0,1.0,0,0.0
310.0,0,0.0,0.0,7.502470002603069,0,0.0,1.0,0,0.0
315.0,1,2.0,0.2222222222222222,5.2197597037664245,0,0.0,1.0,0,0.0
320.0,0,0.0,0.0,9.783969261465028,0,0.0,1.0,0,0.0
325.0,0,0.0,0.0,9.356821076884952,0,0.0,0.9779486689966748,0,0.0
330.0,0,0.0,0.0,9.825111545090902,0,3.0,0.9027788998308399,0,3.0
335.0,0,0.0,0.0,8.926859750560832,0,0.0,0.8603191183676875,0,0.0
340.0,1,1.0,0.14285714285714285,7.330242050376845,1,1.0,0.005522855846898887,1,1.0
345.0,1,6.0,0.8571428571428571,6.1989349251539805,1,6.0,8.547237074394072e-06,1,6.0
350.0,1,11.0,1.5714285714285714,8.524242539086725,1,11.0,0.6356512245041072,1,11.0
355.0,1,16.0,2.2857142857142856,7.832925786531276,1,16.0,0.0,1,16.0
360.0,0,0.0,0.0,8.819884134723832,0,0.0,1.0,0,0.0
365.0,0,0.0,0.0,9.582954122183978,0,0.0,1.0,0,0.0
370.0,0,0.0,0.0,9.417727735296678,0,0.0,1.0,0,0.0
375.0,0,0.0,0.0,7.843920213565943,0,0.0,1.0,0,0.0
380.0,0,0.0,0.0,6.469071579889851,0,0.0,0.3738916801317523,0,0.0
385.0,1,3.0,0.25,9.2226667506968,1,3.0,0.0008642182380029141,1,3.0
390.0,0,0.0,0.0,9.324409730639996,0,3.0,0.9271419961805876,0,3.0
395.0,1,1.0,0.08333333333333333,9.233630257638113,0,4.0,0.832701671015657,0,4.0
400.0,0,0.0,0.0,10.06280641546113,0,0.0,1.0,0,0.0
405.0,1,1.0,0.09090909090909091,8.707674059636883,1,1.0,0.3653339401899293,1,1.0
410.0,1,6.0,0.5454545454545454,9.217257562741088,1,6.0,0.4495567243343498,1,6.0
415.0,2,15.0,1.5,6.6539567014449075,1,11.0,0.0,1,11.0
420.0,0,0.0,0.0,9.071938188547598,0,0.0,1.0,0,0.0
425.0,0,0.0,0.0,10.145870338017378,0,1.0,0.7208955192334976,0,1.0
430.0,0,0.0,0.0,10.140619801994667,0,1.0,0.7907168762050544,0,1.0
435.0,1,2.0,0.3333333333333333,7.6946915662538435,1,3.0,0.0004448868411033595,1,3.0
440.0,2,9.0,0.75,5.652076492510076,1,8.0,0.0,1,8.0
445.0,1,12.0,0.9230769230769231,8.291821737287323,1,18.0,0.44455415213801786,1,18.0
450.0,1,1.0,0.07692307692307693,7.5425040114158755,0,0.0,1.0,0,0.0
455.0,1,6.0,0.5,8.228992746717664,0,3.0,0.9428648373835573,0,3.0
460.0,1,11.0,0.9166666666666666,8.371050472186772,0,3.0,0.9070750286662075,0,3.0
465.0,0,0.0,0.0,7.285800294282262,0,0.0,0.7150445121441587,0,0.0
470.0,2,4.0,0.36363636363636365,6.760393232538709,1,3.0,0.0,1,3.0
475.0,1,8.0,0.7272727272727273,8.127315094601824,1,8.0,0.44202517451320816,1,8.0
480.0,0,0.0,0.0,8.507007600592368,0,0.0,0.3292658325114145,0,0.0
485.0,1,3.0,0.3,7.921793460035661,1,3.0,0.0005329513376885379,1,3.0
490.0,1,8.0,1.0,7.9963254549195115,1,8.0,0.0,1,8.0
495.0,1,13.0,1.8571428571428572,7.031204761967659,1,13.0,0.0,1,13.0
500.0,8,18.0,1.3846153846153846,3.529533745430797,1,18.0,0.0,1,18.0
505.0,1,23.0,1.6428571428571428,7.748794593246869,1,23.0,0.43780543505837766,1,23.0
510.0,1,1.0,0.07692307692307693,8.030435870264014,0,0.0,1.0,0,0.0
515.0,0,0.0,0.0,10.108056517037431,0,3.0,0.9678775522468193,0,3.0
520.0,0,0.0,0.0,9.088324360555049,0,3.0,0.8764829806329533,0,3.0
525.0,0,0.0,0.0,8.525825434212662,0,0.0,0.13540475814050817,0,0.0
530.0,1,3.0,0.3,8.241217845046624,1,3.0,1.286445217006929e-05,1,3.0
535.0,1,8.0,0.8,7.513846578327225,1,8.0,0.38167643499493903,1,8.0
540.0,0,0.0,0.0,9.517452164390544,0,0.0,0.9211556817674362,0,0.0
545.0,1,1.0,0.1111111111111111,8.453320167337639,1,1.0,0.0008399132183331557,1,1.0
550.0,1,6.0,0.75,9.164494444210273,1,6.0,0.0,1,6.0
555.0,1,11.0,1.5714285714285714,6.866494062231867,1,11.0,0.0,1,11.0
560.0,2,18.0,2.5714285714285716,5.970428040841484,2,18.0,0.04335960732037936,2,18.0
565.0,4,33.0,2.0625,3.7638357651063608,3,31.0,3.859562847756135e-06,3,31.0
570.0,0,0.0,0.0,7.49033799811351,0,6.0,0.22807200125974428,0,6.0
575.0,1,2.0,0.11764705882352941,9.185660358799394,0,0.0,0.9950644015802574,0,0.0
580.0,1,7.0,0.4375,9.038037295363496,0,3.0,0.9522766992310014,0,3.0
585.0,0,0.0,0.0,9.370348363072074,0,11.0,0.8093821992610498,0,11.0
590.0,0,0.0,0.0,7.5270256605229315,0,7.0,0.481992032675713,0,7.0
595.0,2,7.0,0.5,7.750711047284296,1,4.0,0.47333477923737216,1,4.0
600.0,0,0.0,0.0,8.102827956587602,0,0.0,0.4276969391029389,0,0.0
605.0,2,7.0,0.5384615384615384,7.438571844832653,2,7.0,0.2597568870318119,2,7.0
610.0,2,17.0,1.3076923076923077,6.642097180422046,2,17.0,0.266177443018416,2,17.0
615.0,3,30.0,2.727272727272727,6.521288418614206,3,30.0,0.00020114646400471947,3,30.0
620.0,3,45.0,4.090909090909091,5.253444938834605,3,45.0,0.0056231888638749415,3,45.0
625.0,12,65.0,3.4210526315789473,3.089529728223439,4,65.0,2.666102555740453e-06,4,65.0
630.0,0,0.0,0.0,7.439354742941469,0,24.0,0.2339677457642858,0,24.0
635.0,0,0.0,0.0,8.7780297085477,0,0.0,1.0,0,0.0
640.0,1,5.0,0.2777777777777778,8.978695799330216,0,3.0,0.9576214522365396,0,3.0
645.0,1,1.0,0.05555555555555555,9.654280605438638,0,8.0,0.883424860479558,0,8.0
650.0,1,6.0,0.375,7.252046466375587,0,5.0,0.6369286081151004,0,5.0
655.0,1,2.0,0.125,7.407609642200823,1,2.0,0.00136210473700927,1,2.0
660.0,2,7.0,0.4375,7.659422506148933,0,0.0,0.9173423996534846,0,0.0
665.0,2,2.0,0.13333333333333333,6.5729295275663775,2,2.0,0.005339279269283804,2,2.0
670.0,3,13.0,0.9285714285714286,6.769299565148439,3,13.0,0.00093361854631382,3,13.0
675.0,3,28.0,2.1538461538461537,5.903653227434282,3,28.0,0.0,3,28.0
680.0,3,43.0,3.909090909090909,6.545283227901269,3,43.0,0.0,3,43.0
685.0,4,61.0,6.1,4.302413206369552,3,58.0,0.0,3,58.0
690.0,2,3.0,0.15,5.648631477404867,0,19.0,0.23589047829443888,0,19.0
695.0,0,0.0,0.0,9.22582207866996,0,0.0,1.0,0,0.0
700.0,1,2.0,0.11764705882352941,8.78639840579574,0,0.0,0.9111924061588327,0,0.0
705.0,0,0.0,0.0,9.085854162063645,0,3.0,0.5276871284092927,0,3.0
710.0,1,4.0,0.25,8.71842009935839,1,12.0,0.6067653748071586,1,12.0
715.0,2,11.0,0.7333333333333333,7.462746364728302,2,16.0,0.20286056916773035,2,16.0
720.0,1,4.0,0.26666666666666666,8.1291478393726,1,9.0,0.449855691092816,1,9.0
725.0,1,9.0,0.6923076923076923,6.58418116382988,1,14.0,0.023522269760091846,1,14.0
730.0,3,22.0,1.8333333333333333,6.973296176856471,3,27.0,0.16176832884898346,3,27.0
735.0,4,40.0,3.3333333333333335,5.207438390118757,4,45.0,4.439512790144778e-06,4,45.0
740.0,4,60.0,5.454545454545454,5.5370003268967425,4,65.0,0.0,4,65.0
745.0,5,85.0,9.444444444444445,3.9089965615073754,4,85.0,0.0,4,85.0
750.0,13,4.0,0.19047619047619047,2.073093308608801,0,38.0,0.2664694751208344,0,38.0
755.0,0,0.0,0.0,8.669402953732412,0,4.0,0.5648890315948624,0,4.0
760.0,0,0.0,0.0,8.709189409922281,0,0.0,0.9375446847790198,0,0.0
765.0,1,4.0,0.18181818181818182,9.14303831430994,0,0.0,0.826740270860071,0,0.0
770.0,1,4.0,0.19047619047619047,9.060034651659294,1,9.0,0.6287703684946829,1,9.0
775.0,1,9.0,0.45,8.216388607247438,1,16.0,0.45320120405178166,1,16.0
780.0,1,3.0,0.15789473684210525,7.826894046487388,1,10.0,0.012896544517101927,1,10.0
785.0,3,13.0,0.7222222222222222,7.0113288242027885,2,19.0,0.4824046010140114,2,19.0
790.0,3,25.0,1.5625,6.876268406094843,3,32.0,0.16864933488158987,3,32.0
795.0,5,44.0,2.933333333333333,6.364781781506508,5,51.0,0.1505965015507668,5,51.0
800.0,5,69.0,4.6,5.189154638166825,5,76.0,0.06766483112313751,5,76.0
805.0,7,98.0,7.538461538461538,4.363058955396282,6,104.0,7.51935911753181e-06,6,104.0
810.0,1,8.0,0.6153846153846154,5.936224783919588,1,72.0,0.17036703047239005,1,72.0
815.0,2,3.0,0.125,7.00477113691241,0,8.0,0.5474339941944124,0,8.0
820.0,0,0.0,0.0,9.259941510839399,0,0.0,1.0,0,0.0
825.0,1,1.0,0.043478260869565216,9.324092801806215,0,0.0,0.9486068962159198,0,0.0
830.0,0,0.0,0.0,8.9444687824775,0,3.0,0.7327596548319862,0,3.0
835.0,1,3.0,0.13636363636363635,8.280727077446267,1,9.0,0.5704829981098387,1,9.0
840.0,1,1.0,0.045454545454545456,8.696081737738558,1,4.0,0.007878303803968792,1,4.0
845.0,2,7.0,0.4117647058823529,7.1977483989871835,1,9.0,0.31165566102963965,1,9.0
850.0,3,16.0,1.0,6.808049708321114,3,19.0,0.2224783518814219,3,19.0
855.0,4,33.0,2.0625,6.100743432493198,4,36.0,0.0004016737909741617,4,36.0
860.0,5,56.0,3.5,5.333649416470802,4,56.0,0.0,4,56.0
865.0,5,81.0,6.230769230769231,5.747470563548116,4,76.0,0.0,4,76.0
870.0,5,106.0,8.833333333333334,5.034275615809974,4,96.0,0.0,4,96.0
875.0,10,5.0,0.2631578947368421,2.290981803676799,0,44.0,0.22387962625606483,0,44.0
880.0,0,0.0,0.0,8.939753878303236,0,5.0,0.657957727775741,0,5.0
885.0,0,0.0,0.0,9.389880318048675,0,0.0,1.0,0,0.0
890.0,1,4.0,0.19047619047619047,9.067629784295,0,3.0,0.8012042268117302,0,3.0
895.0,1,3.0,0.15789473684210525,8.922166754382088,1,11.0,0.5940611260789269,1,11.0
900.0,1,8.0,0.42105263157894735,8.726308496118023,1,13.0,0.5264374507883297,1,13.0
905.0,3,6.0,0.35294117647058826,6.118961526223675,1,6.0,0.013374479736008343,1,6.0
910.0,4,23.0,1.3529411764705883,5.4960093880065175,2,15.0,0.008094368344521631,2,15.0
915.0,6,50.0,3.3333333333333335,5.637121512880848,3,30.0,0.2420887112938362,3,30.0
920.0,3,40.0,3.076923076923077,4.1710540082290475,3,45.0,0.018219987607360908,3,45.0
925.0,6,66.0,5.076923076923077,5.325273682400804,4,65.0,0.0,4,65.0
930.0,6,96.0,8.0,3.4379612179648635,4,85.0,0.0,4,85.0
935.0,1,12.0,1.0909090909090908,4.89405494733021,0,36.0,0.27144381830331055,0,36.0
940.0,4,4.0,0.14814814814814814,5.914821752360676,0,12.0,0.6776545453519526,0,12.0
945.0,0,0.0,0.0,9.01290111529225,0,0.0,0.6002966601470477,0,0.0
950.0,1,1.0,0.037037037037037035,9.512740260229274,0,0.0,0.7962133755915874,0,0.0
955.0,0,0.0,0.0,9.374997614255452,0,3.0,0.7204660814212532,0,3.0
960.0,1,3.0,0.11538461538461539,8.935109971919685,1,9.0,0.6097656009883012,1,9.0
965.0,0,0.0,0.0,8.708376109675584,0,6.0,0.5046587766680974,0,6.0
970.0,3,8.0,0.36363636363636365,7.007880463917021,2,12.0,0.21957365119192712,2,12.0
975.0,7,38.0,1.8095238095238095,5.502040008626483,3,25.0,0.18491993786495942,3,25.0
980.0,6,45.0,2.25,4.916650555520809,5,46.0,0.11322846996159382,5,46.0
985.0,8,72.0,3.6,5.826239446499795,6,73.0,0.00012659405875703437,6,73.0
990.0,8,112.0,5.6,4.982765506846041,6,103.0,1.5321731471859951e-06,6,103.0
995.0,3,26.0,1.5294117647058822,5.061493419419069,1,74.0,0.1929992453321311,1,74.0
1000.0,1,1.0,0.037037037037037035,5.596741709557726,0,23.0,0.48453238498282,0,23.0
1005.0,2,3.0,0.1,7.783916550198899,0,4.0,0.015188688825121501,0,4.0
1010.0,0,0.0,0.0,9.300632275576264,0,0.0,1.0,0,0.0
1015.0,1,5.0,0.17857142857142858,8.375017165199251,0,8.0,0.8075781270269837,0,8.0
1020.0,2,7.0,0.25,8.834550218312428,1,7.0,0.4908336856409932,1,7.0
1025.0,0,0.0,0.0,8.076473569057095,0,11.0,0.4755139798213719,0,11.0
1030.0,2,7.0,0.25925925925925924,7.9535002689493846,1,15.0,0.009017941436882228,1,15.0
1035.0,5,25.0,1.0869565217391304,5.905612507635712,3,25.0,0.19015631730691515,3,25.0
1040.0,7,51.0,2.217391304347826,5.474325904962627,5,45.0,0.0004517909601470654,5,45.0
1045.0,7,64.0,3.0476190476190474,5.284959726035665,5,70.0,0.0,5,70.0
1050.0,8,100.0,5.555555555555555,4.9102058361057965,5,95.0,0.0,5,95.0
1055.0,2,17.0,1.0,5.518338982087719,0,62.0,0.17669659135163315,0,62.0
1060.0,0,0.0,0.0,8.258768977630966,0,11.0,0.5862252379941141,0,11.0
1065.0,5,3.0,0.10344827586206896,6.59655558750295,0,1.0,0.78085802491165,0,1.0
1070.0,0,0.0,0.0,8.841865713707701,0,0.0,0.5189072077991057,0,0.0
1075.0,2,3.0,0.11538461538461539,8.673446594929414,0,0.0,0.969862175330725,0,0.0
1080.0,0,0.0,0.0,9.097237667487496,0,3.0,0.48808644350239366,0,3.0
1085.0,1,1.0,0.041666666666666664,8.685344835306994,1,7.0,0.49671675294106177,1,7.0
1090.0,2,7.0,0.3181818181818182,6.825179882024752,2,13.0,0.00435384001899755,2,13.0
1095.0,4,27.0,1.35,6.672919092297546,2,23.0,0.24687239014911003,2,23.0
1100.0,4,47.0,2.473684210526316,6.387783386093605,2,33.0,0.44266253379994513,2,33.0
1105.0,6,71.0,3.736842105263158,5.171821657128885,3,46.0,0.048976484192412,3,46.0
1110.0,7,67.0,3.526315789473684,4.532657260778006,6,72.0,3.218722563390311e-05,6,72.0
1115.0,2,13.0,0.7647058823529411,5.717467368902952,1,54.0,0.1730287873091672,1,54.0
1120.0,0,0.0,0.0,8.781583641043998,0,13.0,0.7229820691089531,0,13.0
1125.0,1,1.0,0.03571428571428571,5.73143990156142,0,0.0,0.975229392283386,0,0.0
1130.0,3,1.0,0.029411764705882353,7.84141594280326,0,0.0,1.0,0,0.0
1135.0,0,0.0,0.0,8.513734949824572,0,0.0,0.950968016345813,0,0.0
1140.0,2,8.0,0.24242424242424243,8.359184985144124,0,3.0,0.6927807438637128,0,3.0
1145.0,3,11.0,0.3333333333333333,7.752629009160965,1,12.0,0.4386997268948859,1,12.0
1150.0,7,36.0,1.2,6.5536823620326965,4,23.0,0.037093289874557636,4,23.0
1155.0,9,76.0,2.533333333333333,5.901187726705043,5,46.0,0.04569507350439547,5,46.0
1160.0,9,100.0,3.3333333333333335,6.124512161356042,6,73.0,0.12379152126811421,6,73.0
1165.0,9,112.0,4.0,5.003636835201363,8,110.0,0.015329861936502848,8,110.0
1170.0,12,151.0,5.8076923076923075,3.828079411413792,9,154.0,0.04110109815173904,9,154.0
1175.0,8,85.0,3.269230769230769,3.828641194735374,5,149.0,0.07966018567497365,5,149.0
1180.0,1,11.0,0.4782608695652174,7.702898469695848,0,68.0,0.333061205623166,0,68.0
1185.0,2,19.0,0.8260869565217391,7.57275340669859,0,22.0,0.4197025361917139,0,22.0
1190.0,4,35.0,0.9459459459459459,5.631631161371442,1,6.0,0.0,1,6.0
1195.0,4,29.0,0.7837837837837838,7.124193248265597,0,26.0,0.14982388610889275,0,26.0
1200.0,2,36.0,1.0285714285714285,7.906563701264594,0,0.0,0.9152227857133173,0,0.0
1205.0,3,17.0,0.5,7.979348044648365,1,7.0,0.41977099901401044,1,7.0
1210.0,5,26.0,0.7878787878787878,6.877570499914136,3,18.0,0.1902706658303995,3,18.0
1215.0,7,57.0,1.7272727272727273,6.447150550851073,4,82.0,0.22148854744644508,4,82.0
1220.0,9,78.0,2.3636363636363638,6.456803346272107,5,103.0,0.22241495815569126,5,103.0
1225.0,9,86.0,3.0714285714285716,3.982770012643965,7,135.0,0.008327367373085313,7,135.0
1230.0,14,149.0,5.730769230769231,3.512923599651856,8,175.0,0.0,8,175.0
1235.0,6,55.0,2.1153846153846154,3.353887480136036,3,147.0,0.09813392150575062,3,147.0
1240.0,3,11.0,0.4583333333333333,4.921701359254132,1,78.0,0.20249779875939483,1,78.0
1245.0,7,36.0,1.5,5.3272996358251605,1,59.0,0.39795074145535053,1,59.0
1250.0,11,83.0,2.3055555555555554,4.241614875135351,1,38.0,0.0,1,38.0
1255.0,6,49.0,1.2564102564102564,6.783528983685997,0,25.0,0.5375896851069175,0,25.0
1260.0,1,5.0,0.13513513513513514,7.933497865328061,0,18.0,0.7896545091047981,0,18.0
1265.0,2,8.0,0.21621621621621623,8.19795529335947,0,15.0,0.6103361822631559,0,15.0
1270.0,7,34.0,0.9444444444444444,6.941435772600137,2,23.0,0.301633551335803,2,23.0
1275.0,7,28.0,0.8,5.503418490406276,2,51.0,0.1969646366436957,2,51.0
1280.0,9,50.0,1.6129032258064515,5.28586159057308,3,65.0,0.3347491498950418,3,65.0
1285.0,14,110.0,3.6666666666666665,4.365434068231548,4,81.0,0.22910454777280956,4,81.0
1290.0,12,116.0,3.8666666666666667,4.336465069838299,5,103.0,0.1357157698458394,5,103.0
1295.0,13,158.0,5.448275862068965,4.097048737652545,6,133.0,7.06870077608994e-06,6,133.0
1300.0,15,229.0,8.807692307692308,3.5315818638296395,6,163.0,0.0,6,163.0
1305.0,11,151.0,6.04,3.0195847085385505,1,107.0,0.20003637887507075,1,107.0
1310.0,6,59.0,2.5652173913043477,5.538021464240669,0,52.0,0.6156639624185952,0,52.0
1315.0,1,9.0,0.20930232558139536,6.1216493507382985,0,31.0,0.18885671938055087,0,31.0
1320.0,3,4.0,0.0851063829787234,7.71833701077382,0,23.0,0.7188373335140017,0,23.0
1325.0,1,3.0,0.06976744186046512,8.173596879219964,0,0.0,0.8489086380996357,0,0.0
1330.0,7,25.0,0.5952380952380952,7.377502016417346,1,23.0,0.47503767620059395,1,23.0
1335.0,9,57.0,1.3902439024390243,6.836052495489326,2,39.0,0.4187447356220426,2,39.0
1340.0,12,111.0,2.9210526315789473,5.23711811518549,3,51.0,0.24578056512155344,3,51.0
1345.0,11,85.0,2.236842105263158,5.07000029841318,2,70.0,0.3473097555330515,2,70.0
1350.0,16,140.0,3.7837837837837838,4.062651490273328,3,84.0,0.08990898597235583,3,84.0
1355.0,20,211.0,5.861111111111111,2.8579960769325297,5,105.0,0.0004233297473098021,5,105.0
1360.0,17,214.0,6.114285714285714,3.3688253355395195,5,130.0,0.0,5,130.0
1365.0,19,307.0,8.771428571428572,3.61356766252213,5,155.0,0.15416135744391352,5,155.0
1370.0,14,255.0,7.5,3.8543434250356947,5,180.0,0.23893113902839688,5,180.0
1375.0,13,170.0,3.953488372093023,3.6800559251496563,2,102.0,0.13195329942434558,2,102.0
1380.0,5,75.0,1.5957446808510638,6.785584893580848,0,53.0,0.5259242295607575,0,53.0
1385.0,7,14.0,0.2916666666666667,6.897098667610216,0,47.0,0.6531077867544791,0,47.0
1390.0,5,19.0,0.40425531914893614,6.196688544284453,1,52.0,0.4564222552109385,1,52.0
1395.0,10,64.0,1.391304347826087,6.0886490949931495,2,65.0,0.4882363162472798,2,65.0
1400.0,11,118.0,2.744186046511628,5.1815655922623485,2,67.0,0.004554898796500448,2,67.0
1405.0,9,76.0,1.8095238095238095,4.889528348642323,2,57.0,0.1862118964401329,2,57.0
1410.0,7,23.0,0.5609756097560976,5.291374406585058,2,81.0,0.36450814928394115,2,81.0
1415.0,8,27.0,0.6585365853658537,5.032628109350808,2,91.0,0.24828392761534857,2,91.0
1420.0,13,71.0,1.8205128205128205,4.01809326282168,3,106.0,0.2189873645052018,3,106.0
1425.0,15,136.0,3.8857142857142857,3.009642829655517,3,121.0,0.0032108673220621973,3,121.0
1430.0,19,222.0,6.529411764705882,2.879719787964152,4,141.0,0.0,4,141.0
1435.0,21,323.0,10.419354838709678,2.0005233579656374,4,161.0,0.0,4,161.0
1440.0,18,305.0,6.630434782608695,3.655661913330495,0,81.0,0.3549561125661296,0,81.0
1445.0,14,246.0,5.125,5.802294633410415,0,65.0,0.5300708600714116,0,65.0
1450.0,9,161.0,3.425531914893617,6.129752732361012,0,52.0,0.9119839025116848,0,52.0
1455.0,7,80.0,1.702127659574468,6.325712401841232,1,69.0,0.5496467745659762,1,69.0
1460.0,6,36.0,0.782608695652174,5.867098312329062,3,123.0,0.0018628684315256556,3,123.0
1465.0,6,34.0,0.7727272727272727,5.432114390690595,2,80.0,0.23654060633114637,2,80.0
1470.0,3,5.0,0.125,6.141834277878595,2,120.0,0.47882587884128625,2,120.0
1475.0,4,17.0,0.4473684210526316,4.581001240461325,2,130.0,0.11745927011548965,2,130.0
1480.0,14,66.0,1.7837837837837838,4.423823817426739,4,148.0,0.18178396463867483,4,148.0
1485.0,17,144.0,4.114285714285714,3.248251687132477,4,168.0,0.06957417755131981,4,168.0
1490.0,21,242.0,7.333333333333333,1.9293916830550377,5,192.0,0.0,5,192.0
1495.0,24,355.0,11.09375,2.04799745580623,5,217.0,0.0,5,217.0
1500.0,21,331.0,7.042553191489362,2.5727003723289643,0,113.0,0.18819919244952735,0,113.0
1505.0,18,316.0,5.745454545454545,4.74397337861739,1,82.0,4.9834064114435594e-05,1,82.0
1510.0,21,391.0,6.741379310344827,5.401519563704918,0,70.0,0.7186947762424786,0,70.0
1515.0,18,405.0,7.105263157894737,4.970394128181687,1,73.0,0.5115501773893004,1,73.0
1520.0,19,302.0,5.298245614035087,5.052339480768994,2,90.0,0.5019006629680641,2,90.0
1525.0,23,240.0,4.2105263157894735,4.374630020605754,2,96.0,0.20276222175670205,2,96.0
1530.0,20,165.0,3.0,4.1268057431786636,1,169.0,0.27241443315824965,1,169.0
1535.0,20,156.0,2.888888888888889,3.9097287861404584,3,183.0,0.38542392632230943,3,183.0
1540.0,20,117.0,2.2941176470588234,3.068283787810455,4,200.0,0.08234761907078572,4,200.0
1545.0,24,172.0,3.44,2.2080642500170775,5,223.0,0.12280433942290984,5,223.0
1550.0,30,257.0,5.244897959183674,1.8509266072998285,6,250.0,0.026253950408556263,6,250.0
1555.0,33,390.0,8.297872340425531,1.2015735686920268,7,283.0,4.8607995124326424e-06,7,283.0
1560.0,31,367.0,7.196078431372549,1.5413272501658337,2,162.0,0.1345462773284165,2,162.0
1565.0,19,250.0,3.8461538461538463,3.9246022165132244,0,113.0,0.3442653824817456,0,113.0
1570.0,27,330.0,5.0,4.111425115359808,0,101.0,0.30324586749728255,0,101.0
1575.0,37,486.0,7.253731343283582,3.712734974751188,0,96.0,0.6997962394525938,0,96.0
1580.0,36,661.0,10.169230769230769,3.8828390835727005,0,121.0,0.65575850042836,0,121.0
1585.0,35,706.0,10.861538461538462,3.2632713715094526,2,112.0,0.2675993551786343,2,112.0
1590.0,28,645.0,10.238095238095237,3.537855558367085,0,106.0,0.07662126242007462,0,106.0
1595.0,26,635.0,10.76271186440678,4.0250577911122445,2,233.0,0.22605128953051745,2,233.0
1600.0,27,629.0,11.232142857142858,3.14093922084335,3,248.0,0.3950466944839715,3,248.0
1605.0,28,629.0,11.648148148148149,2.7493706574035675,4,265.0,0.019542162595553723,4,265.0
1610.0,27,561.0,10.788461538461538,2.4833086952291477,6,292.0,0.00014305881840252435,6,292.0
1615.0,24,456.0,8.76923076923077,2.8602016603806883,6,322.0,0.0,6,322.0
1620.0,18,403.0,7.901960784313726,3.378212952486271,1,184.0,0.13551380595212653,1,184.0
1625.0,21,400.0,6.0606060606060606,3.398440845707116,1,140.0,0.3651075286066509,1,140.0
1630.0,23,477.0,7.2272727272727275,4.03248332833245,0,132.0,0.162484541390188,0,132.0
1635.0,26,515.0,8.174603174603174,4.1652213433086684,0,114.0,0.8411055204264679,0,114.0
1640.0,21,246.0,3.7846153846153845,3.9144747787838075,0,106.0,0.4530907844238942,0,106.0
1645.0,27,227.0,3.4923076923076923,4.016540903971807,2,115.0,0.29600369949856326,2,115.0
1650.0,30,249.0,3.890625,3.2785697990256404,0,222.0,0.2966015613579849,0,222.0
1655.0,25,285.0,4.523809523809524,3.303193960658604,3,228.0,0.21625149642192215,3,228.0
1660.0,28,343.0,5.532258064516129,3.207233571085378,3,243.0,0.29694457858513335,3,243.0
1665.0,26,362.0,5.838709677419355,2.8736704631583505,5,261.0,0.10827053401999782,5,261.0
1670.0,27,398.0,6.862068965517241,2.638897487546444,6,290.0,4.2810522619091195e-06,6,290.0
1675.0,29,491.0,8.767857142857142,2.2910186132184416,6,320.0,0.0,6,320.0
1680.0,27,510.0,9.444444444444445,1.8821538885931057,1,174.0,0.14474178602899354,1,174.0
1685.0,45,468.0,6.5,1.7255680066694667,0,141.0,0.6693336231073115,0,141.0
1690.0,24,321.0,4.115384615384615,3.598997699936258,0,134.0,0.1568793343719007,0,134.0
1695.0,27,313.0,3.817073170731707,4.241389372234306,0,112.0,0.7583056536089656,0,112.0
1700.0,38,386.0,4.765432098765432,4.487913068879308,0,94.0,0.725403910426706,0,94.0
1705.0,35,427.0,5.3375,4.500456860215345,1,7.0,0.543196359070908,1,7.0
1710.0,30,476.0,5.95,4.725279609150774,0,105.0,0.19020307854445306,0,105.0
1715.0,32,514.0,6.675324675324675,3.949475240084033,3,211.0,0.2975716345494947,3,211.0
1720.0,35,585.0,7.697368421052632,3.632508990167866,4,249.0,0.34945808591814786,4,249.0
1725.0,34,583.0,8.097222222222221,3.263945767551948,6,271.0,0.17266617080979718,6,271.0
1730.0,33,590.0,8.309859154929578,3.086137142635976,8,308.0,0.00034519689239577016,8,308.0
1735.0,36,690.0,10.298507462686567,2.2526143781848673,8,348.0,0.0035686814088668256,8,348.0
1740.0,31,691.0,10.469696969696969,2.696585402913057,4,225.0,0.09657725761922362,4,225.0
1745.0,26,704.0,10.830769230769231,3.284484421612845,0,212.0,0.22465994792522678,0,212.0
1750.0,29,806.0,10.20253164556962,3.474236224820283,2,265.0,0.30415963771122867,2,265.0
1755.0,33,922.0,11.108433734939759,3.299417173351959,2,253.0,0.0,2,253.0
1760.0,32,1038.0,12.506024096385541,3.6812951020019025,0,111.0,0.634904458822218,0,111.0
1765.0,32,1155.0,14.25925925925926,3.4741032743717373,0,106.0,0.8145881411460218,0,106.0
1770.0,36,1142.0,14.098765432098766,3.2579851063196243,1,102.0,0.537737091703323,1,102.0
1775.0,34,1220.0,15.443037974683545,3.2436115477973417,1,7.0,0.01931445152518266,1,7.0
1780.0,37,1344.0,17.454545454545453,3.3576348363562496,0,157.0,0.7633853069350863,0,157.0
1785.0,36,1367.0,18.226666666666667,3.4558632190315937,1,267.0,0.019180450311686022,1,267.0
1790.0,32,1444.0,19.78082191780822,3.6329554563622786,2,328.0,0.1838782936929452,2,328.0
1795.0,30,1534.0,21.6056338028169,4.086882773926126,2,415.0,0.5460897762401821,2,415.0
1800.0,30,1566.0,22.695652173913043,3.367214338644698,2,445.0,0.321595638691407,2,445.0
1805.0,35,1659.0,24.761194029850746,2.912662173286692,5,469.0,0.1260766318482001,5,469.0
1810.0,50,1740.0,21.75,2.1368565398953785,3,254.0,0.062065717811178776,3,254.0
1815.0,33,1810.0,22.34567901234568,3.1895626419876795,1,205.0,0.25413371589767497,1,205.0
1820.0,40,1979.0,24.134146341463413,3.7200667588927967,1,149.0,0.5470598837845445,1,149.0
1825.0,44,2063.0,25.158536585365855,3.113153104799897,1,145.0,0.4808598689043615,1,145.0
1830.0,46,1543.0,19.2875,2.4739320933113502,2,156.0,0.4736203225853926,2,156.0
1835.0,49,1123.0,14.215189873417721,2.0984113779953892,2,170.0,0.47984736464431405,2,170.0
1840.0,51,881.0,11.151898734177216,1.9584717878556137,3,177.0,0.0038100987080541913,3,177.0
1845.0,47,922.0,11.820512820512821,2.6700762119113928,3,156.0,0.3852048233351089,3,156.0
1850.0,44,1036.0,13.282051282051283,3.075200298464004,3,160.0,0.4110230960507879,3,160.0
1855.0,46,1032.0,13.23076923076923,2.5988964762558733,4,276.0,0.1941135879664573,4,276.0
1860.0,47,1074.0,14.131578947368421,2.5080426232546373,4,296.0,0.0,4,296.0
1865.0,42,1098.0,15.25,2.5232882552554217,3,91.0,0.0,3,91.0
1870.0,35,1000.0,14.285714285714286,2.9848710745427165,0,270.0,0.09339450235344711,0,270.0
1875.0,42,1010.0,10.86021505376344,3.2204737238348082,2,249.0,8.102541577652687e-05,2,249.0
1880.0,36,832.0,8.666666666666666,3.935130714141753,2,260.0,0.3326248045909546,2,260.0
1885.0,36,878.0,9.051546391752577,3.992501245683079,2,270.0,0.5760952411891117,2,270.0
1890.0,33,995.0,10.698924731182796,3.7116762346588557,3,284.0,0.2860200865368997,3,284.0
1895.0,36,1137.0,12.633333333333333,3.5943248185926198,5,306.0,0.31493685981341346,5,306.0
1900.0,37,1222.0,13.577777777777778,3.108443028897625,2,167.0,0.30116504014274426,2,167.0
1905.0,36,1256.0,13.955555555555556,3.150459882349764,2,143.0,0.34271303116996954,2,143.0
1910.0,40,1416.0,15.733333333333333,2.890733852561497,2,142.0,0.1754991436845953,2,142.0
1915.0,43,1623.0,18.235955056179776,2.28050037326109,3,136.0,0.0003707310176846316,3,136.0
1920.0,42,1779.0,20.448275862068964,2.1735585703666187,2,45.0,0.2738830635960329,2,45.0
1925.0,40,1961.0,22.802325581395348,2.562756515628578,2,63.0,0.47290086588306735,2,63.0
1930.0,42,2094.0,23.795454545454547,2.5561806134702447,2,200.0,0.07718843455491306,2,200.0
1935.0,59,2295.0,22.5,2.0334551819667976,4,194.0,2.11810584972991e-05,4,194.0
1940.0,47,2502.0,24.529411764705884,3.016341770048085,4,229.0,0.10317103998488368,4,229.0
1945.0,57,2756.0,27.287128712871286,2.5917349805455405,4,250.0,0.26239705828102305,4,250.0
1950.0,58,3009.0,30.09,1.9027290331362563,5,272.0,0.23734181022718875,5,272.0
1955.0,60,3262.0,32.94949494949495,2.0955460578685887,7,325.0,0.07678737033917765,7,325.0
1960.0,60,3402.0,34.714285714285715,1.9589923711332111,4,211.0,0.09985077168962488,4,211.0
1965.0,57,3570.0,36.06060606060606,1.6220578820831404,0,154.0,0.14617548206568157,0,154.0
1970.0,60,3811.0,38.88775510204081,1.6194382625487973,3,157.0,0.33572941234632864,3,157.0
1975.0,59,4059.0,41.845360824742265,1.3385996338910129,3,183.0,0.21437519561494395,3,183.0
1980.0,63,4345.0,45.260416666666664,1.2372542698419393,3,200.0,0.31917237289052636,3,200.0
1985.0,65,4595.0,48.36842105263158,1.1619028238429607,3,124.0,0.3491333008108487,3,124.0
1990.0,64,4795.0,50.473684210526315,1.0574372745575695,4,289.0,0.11470972670418707,4,289.0
1995.0,68,4867.0,51.776595744680854,0.975756821850592,9,336.0,0.00202177327682885,9,336.0
2000.0,75,4684.0,40.7304347826087,1.7988166185071488,10,386.0,3.31125549926312e-06,10,386.0
2005.0,70,4518.0,39.28695652173913,2.452790427064427,10,438.0,0.07997625386788482,10,438.0
2010.0,68,4457.0,39.09649122807018,2.1082643876400304,10,489.0,0.09621459137044965,10,489.0
2015.0,72,4600.0,40.35087719298246,2.14255726896584,13,547.0,0.00046566144388040284,13,547.0
2020.0,67,4549.0,40.256637168141594,2.117487714216125,11,490.0,0.027632645230521977,11,490.0
2025.0,59,4547.0,40.23893805309734,2.4077450771341993,11,491.0,0.06177226084553721,11,491.0
2030.0,61,4687.0,41.47787610619469,2.636390032920561,8,417.0,0.018618624868188143,8,417.0
2035.0,64,4840.0,43.6036036036036,2.4807952719629855,4,468.0,0.09792637325111149,4,468.0
2040.0,67,5103.0,47.691588785046726,2.459267764291842,3,380.0,0.27608054634857254,3,380.0
2045.0,65,5416.0,52.07692307692308,2.5833154532343676,3,363.0,0.37157578960003845,3,363.0
2050.0,65,5741.0,57.41,2.503419357221696,3,345.0,0.3397187670906078,3,345.0
2055.0,65,6066.0,63.85263157894737,2.335518780321372,3,317.0,0.3316207212889547,3,317.0
2060.0,69,6395.0,56.5929203539823,2.189345173992332,3,297.0,0.26299559445332366,3,297.0
2065.0,70,6667.0,55.099173553719005,2.883932519821625,3,299.0,0.0,3,299.0
2070.0,69,6861.0,55.33064516129032,3.3191289883769457,2,311.0,0.434819080580514,2,311.0
2075.0,68,7192.0,58.950819672131146,3.2237899240416117,2,199.0,0.5377582094344457,2,199.0
2080.0,67,7296.0,60.8,3.2453655363160214,1,105.0,0.4332450184879777,1,105.0
2085.0,66,7199.0,61.52991452991453,3.15180156561875,3,81.0,0.28549263157560945,3,81.0
2090.0,60,7101.0,62.84070796460177,3.1176406939849133,4,40.0,0.1987283407510603,4,40.0
2095.0,57,7031.0,63.91818181818182,2.9281837638672807,5,175.0,0.11288360376886894,5,175.0
2100.0,60,7115.0,67.12264150943396,2.6720228350326356,9,213.0,0.09151353164747779,9,213.0
2105.0,58,7038.0,69.68316831683168,2.3977153684302737,10,345.0,0.000400526973883703,10,345.0
2110.0,56,6931.0,67.95098039215686,2.5134358972893436,10,395.0,0.0,10,395.0
2115.0,58,7062.0,69.92079207920793,2.2443822909520215,10,445.0,0.0,10,445.0
2120.0,51,6968.0,68.99009900990099,2.4717333075435692,5,327.0,0.10163352713841867,5,327.0
2125.0,46,6996.0,59.794871794871796,3.0372594097862313,0,250.0,0.31678210686216995,0,250.0
2130.0,51,7223.0,60.69747899159664,3.559335139368466,0,124.0,0.38949017911234,0,124.0
2135.0,61,7505.0,63.0672268907563,3.1518651696702973,1,184.0,0.43738565074679486,1,184.0
2140.0,68,7786.0,65.42857142857143,2.5075722081376473,1,128.0,0.389582357495917,1,128.0
2145.0,68,7983.0,69.41739130434783,2.358621416457592,2,151.0,0.40725957251582384,2,151.0
2150.0,69,8211.0,72.66371681415929,2.3009126915513427,1,189.0,0.3817313627270378,1,189.0
2155.0,73,8377.0,75.46846846846847,1.9779898116430514,5,334.0,0.1935556676552099,5,334.0
2160.0,80,8532.0,79.0,1.2180727812498182,8,416.0,0.006609312436440622,8,416.0
2165.0,79,8669.0,81.78301886792453,1.2246550879064961,9,459.0,3.9458317405057296e-05,9,459.0
2170.0,74,8881.0,83.78301886792453,1.5306208964965538,9,504.0,0.0,9,504.0
2175.0,69,9132.0,86.97142857142858,1.7510827894077172,9,549.0,0.0,9,549.0
2180.0,61,9222.0,90.41176470588235,2.0296444456140423,4,424.0,0.09153538503296467,4,424.0
2185.0,52,9188.0,77.86440677966101,2.810747075958785,0,331.0,0.3296963502252881,0,331.0
2190.0,48,9249.0,77.075,3.883302210851679,1,217.0,0.29003235877837236,1,217.0
2195.0,51,9401.0,79.0,3.741565414680515,1,164.0,0.14404333268036623,1,164.0
2200.0,54,9578.0,82.56896551724138,3.277884333225791,0,105.0,0.31716292070457186,0,105.0
2205.0,56,9803.0,85.99122807017544,3.1056455223829045,0,82.0,0.37800697794638377,0,82.0
2210.0,61,9710.0,87.47747747747748,2.4473310464023337,1,82.0,0.36766679041407707,1,82.0
2215.0,62,8459.0,79.80188679245283,1.8865781672687005,3,137.0,0.14483146954672907,3,137.0
2220.0,76,6840.0,67.05882352941177,0.930675831516836,7,166.0,0.009685294787573032,7,166.0
2225.0,79,5582.0,54.72549019607843,0.6570197342844404,9,209.0,0.00027589336927101165,9,209.0
2230.0,77,4712.0,46.65346534653465,0.8398737503946897,9,254.0,1.1354609686443094e-06,9,254.0
2235.0,65,3127.0,30.96039603960396,1.0884142194153255,9,323.0,0.08982226469809601,9,323.0
2240.0,57,2158.0,21.366336633663366,1.5020913372861209,6,308.0,0.06241513873251544,6,308.0
2245.0,54,1337.0,13.505050505050505,1.9264652316502198,2,405.0,0.1918887572981748,2,405.0
2250.0,56,858.0,6.809523809523809,2.3691134654723207,1,285.0,0.508923223811836,1,285.0
2255.0,66,972.0,7.59375,2.600189903644316,1,227.0,0.6044703163882623,1,227.0
2260.0,70,1101.0,8.404580152671755,2.5762361733285144,1,179.0,0.6994777451363086,1,179.0
2265.0,70,1251.0,9.623076923076923,2.254644788337186,1,189.0,0.40646155609533813,1,189.0
2270.0,69,1398.0,10.67175572519084,2.340280089077646,2,285.0,0.12787293612842665,2,285.0
2275.0,72,1637.0,12.592307692307692,1.6737963433269203,5,303.0,0.10893287303309465,5,303.0
2280.0,72,1805.0,13.992248062015504,1.6229408075412606,8,391.0,0.10501273767568796,8,391.0
2285.0,81,2114.0,16.387596899224807,1.635471731335348,11,461.0,0.06394701699380209,11,461.0
2290.0,76,2300.0,17.96875,1.7805929139412062,11,505.0,0.01375290472356124,11,505.0
2295.0,77,2596.0,20.768,1.506680825197328,11,556.0,0.018408808042570873,11,556.0
2300.0,78,2644.0,21.322580645161292,1.3080210184971452,8,374.0,0.06712811280571608,8,374.0
2305.0,69,2357.0,19.31967213114754,1.467830024033043,3,396.0,0.21787897863448277,3,396.0
2310.0,78,2175.0,15.425531914893616,1.718952387290519,4,322.0,0.1994377710298565,4,322.0
2315.0,73,2166.0,15.041666666666666,2.3519631021281233,3,314.0,0.053555284589453286,3,314.0
2320.0,70,2053.0,14.560283687943262,2.68782146912028,2,375.0,0.29241562759004763,2,375.0
2325.0,63,1883.0,13.546762589928058,2.9811670409524424,2,265.0,0.32393139805374865,2,265.0
2330.0,55,1729.0,12.528985507246377,2.8818323729586064,3,251.0,0.19344591964077448,3,251.0
2335.0,51,1209.0,8.955555555555556,2.9008554650647858,2,241.0,0.17388358317935326,2,241.0
2340.0,48,645.0,4.849624060150376,2.442618342022388,5,263.0,0.028895490860997703,5,263.0
2345.0,60,789.0,6.116279069767442,2.1301079545780492,10,349.0,0.05235945496263721,10,349.0
2350.0,76,1124.0,8.992,1.7796586574453745,12,405.0,5.897243370387103e-05,12,405.0
2355.0,83,1517.0,12.333333333333334,1.340672205977651,12,465.0,9.484599127739863e-07,12,465.0
2360.0,87,1949.0,16.107438016528924,1.2755878015535094,12,525.0,0.0,12,525.0
2365.0,84,2214.0,18.923076923076923,1.2073458148535139,10,455.0,0.03011377081958283,10,455.0
2370.0,77,2412.0,20.79310344827586,1.5685646926234056,10,557.0,0.05314851125665981,10,557.0
2375.0,78,2761.0,20.153284671532848,2.307395396524612,10,562.0,0.06935065663390748,10,562.0
2380.0,79,2972.0,21.693430656934307,2.3645743536319066,6,393.0,0.028531288224639288,6,393.0
2385.0,80,3210.0,23.26086956521739,2.4337902124547326,2,328.0,0.36038469413971275,2,328.0
2390.0,84,3599.0,27.06015037593985,2.0179240851332443,3,263.0,0.20734044298676593,3,263.0
2395.0,80,3598.0,27.46564885496183,1.6560319009218074,1,227.0,0.37878956568607247,1,227.0
2400.0,83,3231.0,25.046511627906977,1.4497557196251079,3,246.0,0.2445539726632528,3,246.0
2405.0,83,2840.0,21.846153846153847,1.368490753534782,8,396.0,0.012294999728318651,8,396.0
2410.0,88,2489.0,19.146153846153847,1.2397656819769647,13,550.0,0.00048190439083772976,13,550.0
2415.0,85,2600.0,20.3125,1.3110914391409978,13,615.0,7.111268631760709e-06,13,615.0
2420.0,80,2336.0,18.53968253968254,1.2231349837005219,13,680.0,0.0,13,680.0
2425.0,75,2122.0,17.252032520325205,1.1046714317675659,11,676.0,0.021284650831350154,11,676.0
2430.0,74,1879.0,15.153225806451612,1.368634202686638,9,572.0,0.058908936796343084,9,572.0
2435.0,78,1841.0,12.43918918918919,1.765080454261544,5,504.0,0.048860855963737834,5,504.0
2440.0,82,2090.0,13.571428571428571,1.952321253646443,6,525.0,0.03694063884743724,6,525.0
2445.0,89,2393.0,15.33974358974359,2.3055120439467602,9,562.0,0.002645675481478106,9,562.0
2450.0,99,2764.0,17.83225806451613,2.5500632844239606,10,668.0,0.19464335553269507,10,668.0
2455.0,98,3120.0,20.25974025974026,2.342307574143594,12,665.0,0.0006953351769132613,12,665.0
2460.0,92,3371.0,22.32450331125828,2.3278007334418587,8,677.0,0.04642910666898552,8,677.0
2465.0,92,3728.0,24.688741721854306,1.862287565297665,9,684.0,0.011843263415596116,9,684.0
2470.0,97,4017.0,26.959731543624162,1.6300945589855294,12,745.0,2.8046041620546018e-05,12,745.0
2475.0,107,4478.0,30.256756756756758,1.4538918934636165,12,805.0,0.0,12,805.0
